Path;SteerAngle;Throttle;Brake;Speed;X_Position;Y_Position;Pitch;Yaw;Roll
/home/work/wrk/X-ROBOTICS/Perception/IMG/robocam_2018_11_16_14_24_07_383.jpg;0;0;1;-1.345199;129.0372;108.6478;0.2563823;53.71607;-0.004531515
/home/work/wrk/X-ROBOTICS/Perception/IMG/robocam_2018_11_16_14_24_07_390.jpg;0;0;0;-1.342148;128.9897;108.583;0.2571442;53.71605;359.9926
/home/work/wrk/X-ROBOTICS/Perception/IMG/robocam_2018_11_16_14_24_07_445.jpg;0;0;0;-1.336065;128.9422;108.5185;0.2555182;53.71733;359.9935
/home/work/wrk/X-ROBOTICS/Perception/IMG/robocam_2018_11_16_14_24_07_524.jpg;0;0;0;-1.329913;128.8793;108.4328;0.2544529;53.71753;-0.005453452
/home/work/wrk/X-ROBOTICS/Perception/IMG/robocam_2018_11_16_14_24_07_589.jpg;0.3041983;0;0;-1.323506;128.8329;108.3683;0.2538384;53.58479;359.9818
/home/work/wrk/X-ROBOTICS/Perception/IMG/robocam_2018_11_16_14_24_07_651.jpg;0;0;0;-1.318882;128.7859;108.3046;0.2523041;53.56595;359.9908
/home/work/wrk/X-ROBOTICS/Perception/IMG/robocam_2018_11_16_14_24_07_724.jpg;0;0;0;-1.314397;128.7235;108.22;0.2526308;53.56443;0.003193692
/home/work/wrk/X-ROBOTICS/Perception/IMG/robocam_2018_11_16_14_24_07_785.jpg;0;0;0;-1.308437;128.6769;108.1569;0.254338;53.5644;0.01144964
/home/work/wrk/X-ROBOTICS/Perception/IMG/robocam_2018_11_16_14_24_07_858.jpg;0;0;0;-1.30388;128.615;108.0729;0.2514267;53.56292;0.01528018
/home/work/wrk/X-ROBOTICS/Perception/IMG/robocam_2018_11_16_14_24_07_924.jpg;0;0;0;-1.299446;128.5688;108.0103;0.2513095;53.56291;0.01846178
/home/work/wrk/X-ROBOTICS/Perception/IMG/robocam_2018_11_16_14_24_07_990.jpg;2.005076;0;0;-1.293554;128.5229;107.9477;0.2510479;53.52563;0.01367157
/home/work/wrk/X-ROBOTICS/Perception/IMG/robocam_2018_11_16_14_24_08_058.jpg;1.88663;0;0;-1.288256;128.4631;107.8638;0.2524249;53.19994;359.9807
/home/work/wrk/X-ROBOTICS/Perception/IMG/robocam_2018_11_16_14_24_08_124.jpg;5.758424;0;0;-1.283713;128.4188;107.8009;0.2508654;52.81166;359.9532
/home/work/wrk/X-ROBOTICS/Perception/IMG/robocam_2018_11_16_14_24_08_189.jpg;9.89831;0;0;-1.275811;128.3755;107.7377;0.249134;52.13703;359.9116
/home/work/wrk/X-ROBOTICS/Perception/IMG/robocam_2018_11_16_14_24_08_258.jpg;13.76759;0;0;-1.268535;128.3193;107.6533;0.2513018;50.75598;359.8485
/home/work/wrk/X-ROBOTICS/Perception/IMG/robocam_2018_11_16_14_24_08_323.jpg;15;0;0;-1.261063;128.277;107.5905;0.2519045;49.50966;359.8281
/home/work/wrk/X-ROBOTICS/Perception/IMG/robocam_2018_11_16_14_24_08_388.jpg;10.96909;0;0;-1.254817;128.2328;107.5295;0.2486015;48.41091;359.8684
/home/work/wrk/X-ROBOTICS/Perception/IMG/robocam_2018_11_16_14_24_08_458.jpg;6.94921;0;0;-1.251393;128.1702;107.4514;0.2324874;47.42276;0.02166598
/home/work/wrk/X-ROBOTICS/Perception/IMG/robocam_2018_11_16_14_24_08_523.jpg;2.974019;0;0;-1.247031;128.1211;107.3949;0.2175459;47.04457;0.1893555
/home/work/wrk/X-ROBOTICS/Perception/IMG/robocam_2018_11_16_14_24_08_591.jpg;-0.9674978;0;0;-1.241701;128.0705;107.3396;0.1772211;46.98769;0.3582624
/home/work/wrk/X-ROBOTICS/Perception/IMG/robocam_2018_11_16_14_24_08_658.jpg;-4.919629;0;0;-1.233052;128.0014;107.2677;0.1166545;47.35389;0.581863
/home/work/wrk/X-ROBOTICS/Perception/IMG/robocam_2018_11_16_14_24_08_722.jpg;-9.081359;0;0;-1.226059;127.9488;107.2153;0.07563932;47.99049;0.7410074
/home/work/wrk/X-ROBOTICS/Perception/IMG/robocam_2018_11_16_14_24_08_789.jpg;-12.92039;0;0;-1.218357;127.8957;107.1637;0.035233;48.94763;0.8723661
/home/work/wrk/X-ROBOTICS/Perception/IMG/robocam_2018_11_16_14_24_08_855.jpg;-15;0;0;-1.207447;127.8428;107.1128;0.006934776;50.15079;0.9692714
/home/work/wrk/X-ROBOTICS/Perception/IMG/robocam_2018_11_16_14_24_08_923.jpg;-15;0;0;-1.202259;127.7745;107.0441;-0.003708072;51.79712;0.9961351
/home/work/wrk/X-ROBOTICS/Perception/IMG/robocam_2018_11_16_14_24_08_990.jpg;-15;0;0;-1.196088;127.725;106.992;0.003619093;53.02155;0.9505567
/home/work/wrk/X-ROBOTICS/Perception/IMG/robocam_2018_11_16_14_24_09_059.jpg;-15;0;0;-1.191151;127.6611;106.9215;0.02082279;54.63873;0.8150513
/home/work/wrk/X-ROBOTICS/Perception/IMG/robocam_2018_11_16_14_24_09_125.jpg;-15;0;0;-1.186047;127.6149;106.868;0.0363765;55.84047;0.6657336
/home/work/wrk/X-ROBOTICS/Perception/IMG/robocam_2018_11_16_14_24_09_191.jpg;-15;0;0;-1.17895;127.57;106.814;0.05216492;57.03326;0.4834729
/home/work/wrk/X-ROBOTICS/Perception/IMG/robocam_2018_11_16_14_24_09_260.jpg;-15;0;0;-1.173393;127.5123;106.7411;0.07113834;58.61062;0.2016557
/home/work/wrk/X-ROBOTICS/Perception/IMG/robocam_2018_11_16_14_24_09_325.jpg;-15;0;0;-1.167636;127.4706;106.6858;0.08247899;59.78453;359.9703
/home/work/wrk/X-ROBOTICS/Perception/IMG/robocam_2018_11_16_14_24_09_392.jpg;-10.93164;0;0;-1.160209;127.431;106.6294;0.08623883;60.78626;359.7062
/home/work/wrk/X-ROBOTICS/Perception/IMG/robocam_2018_11_16_14_24_09_458.jpg;-6.791639;0;0;-1.154753;127.3816;106.5519;0.06340609;61.68255;359.3283
/home/work/wrk/X-ROBOTICS/Perception/IMG/robocam_2018_11_16_14_24_09_520.jpg;-2.838721;0;0;-1.147887;127.3464;106.4922;0.003872424;62.04097;359.071
/home/work/wrk/X-ROBOTICS/Perception/IMG/robocam_2018_11_16_14_24_09_588.jpg;0.7370996;0;0.178791;-1.135448;127.314;106.4336;0.0123072;62.1293;358.8331
/home/work/wrk/X-ROBOTICS/Perception/IMG/robocam_2018_11_16_14_24_09_653.jpg;4.772458;0;0.380559;-1.0669;127.2833;106.3783;0.03883462;62.01537;358.7655
/home/work/wrk/X-ROBOTICS/Perception/IMG/robocam_2018_11_16_14_24_09_724.jpg;12.09799;0;0.58986;-0.9744704;127.2491;106.3125;0.1845185;61.41763;358.8927
/home/work/wrk/X-ROBOTICS/Perception/IMG/robocam_2018_11_16_14_24_09_791.jpg;15;0;0.792876;-0.8115602;127.2307;106.2732;0.4463946;60.8006;359.1094
/home/work/wrk/X-ROBOTICS/Perception/IMG/robocam_2018_11_16_14_24_09_855.jpg;15;0;0.9903266;-0.5929416;127.2184;106.2509;0.931222;60.50511;359.535
/home/work/wrk/X-ROBOTICS/Perception/IMG/robocam_2018_11_16_14_24_09_924.jpg;15;0;1;-0.2991048;127.2167;106.247;1.870455;60.46239;0.2237946
/home/work/wrk/X-ROBOTICS/Perception/IMG/robocam_2018_11_16_14_24_09_990.jpg;15;0;1;-0.1520153;127.2168;106.2468;2.254616;60.45216;0.5587085
/home/work/wrk/X-ROBOTICS/Perception/IMG/robocam_2018_11_16_14_24_10_055.jpg;15;0;1;-0.07525674;127.2168;106.2466;2.334186;60.4468;0.7286585
/home/work/wrk/X-ROBOTICS/Perception/IMG/robocam_2018_11_16_14_24_10_122.jpg;15;0;1;0.06330673;127.2169;106.2464;1.966132;60.45304;0.7158369
/home/work/wrk/X-ROBOTICS/Perception/IMG/robocam_2018_11_16_14_24_10_191.jpg;15;0;1;0.1382756;127.217;106.2463;1.339882;60.46584;0.5353513
/home/work/wrk/X-ROBOTICS/Perception/IMG/robocam_2018_11_16_14_24_10_258.jpg;15;0;1;0.2572681;127.2171;106.2465;0.2816844;60.48119;0.1237684
/home/work/wrk/X-ROBOTICS/Perception/IMG/robocam_2018_11_16_14_24_10_324.jpg;15;0;1;0.2445945;127.2172;106.2468;359.534;60.48158;359.8316
/home/work/wrk/X-ROBOTICS/Perception/IMG/robocam_2018_11_16_14_24_10_391.jpg;15;0;1;0.2064164;127.2171;106.2472;358.9442;60.47598;359.6797
/home/work/wrk/X-ROBOTICS/Perception/IMG/robocam_2018_11_16_14_24_10_456.jpg;15;0;1;0.1270836;127.2168;106.2476;358.5277;60.47197;359.6534
/home/work/wrk/X-ROBOTICS/Perception/IMG/robocam_2018_11_16_14_24_10_525.jpg;15;0;1;0.04918684;127.2145;106.2491;358.3749;60.48344;359.8412
/home/work/wrk/X-ROBOTICS/Perception/IMG/robocam_2018_11_16_14_24_10_591.jpg;15;0;1;-0.03528295;127.2133;106.2499;358.5587;60.49656;0.05676098
/home/work/wrk/X-ROBOTICS/Perception/IMG/robocam_2018_11_16_14_24_10_656.jpg;15;0;1;-0.1116124;127.2148;106.2492;358.9265;60.49535;0.08623677
/home/work/wrk/X-ROBOTICS/Perception/IMG/robocam_2018_11_16_14_24_10_724.jpg;15;0;1;-0.1114644;127.2148;106.249;359.4185;60.49526;0.1465362
/home/work/wrk/X-ROBOTICS/Perception/IMG/robocam_2018_11_16_14_24_10_791.jpg;15;0;1;-0.107077;127.2148;106.2488;359.7701;60.49449;0.1846206
/home/work/wrk/X-ROBOTICS/Perception/IMG/robocam_2018_11_16_14_24_10_856.jpg;15;0;1;-0.09867495;127.2148;106.2487;0.1004603;60.49332;0.2162559
/home/work/wrk/X-ROBOTICS/Perception/IMG/robocam_2018_11_16_14_24_10_918.jpg;15;0;1;-0.0907429;127.2147;106.2486;0.4998588;60.49144;0.2481377
/home/work/wrk/X-ROBOTICS/Perception/IMG/robocam_2018_11_16_14_24_10_985.jpg;15;0;1;-0.07657926;127.215;106.2484;0.7369891;60.49035;0.2277572
/home/work/wrk/X-ROBOTICS/Perception/IMG/robocam_2018_11_16_14_24_11_055.jpg;15;0;1;-0.05723799;127.215;106.2483;0.9285988;60.48997;0.1943697
/home/work/wrk/X-ROBOTICS/Perception/IMG/robocam_2018_11_16_14_24_11_121.jpg;15;0;1;-0.04358286;127.2152;106.2482;1.096012;60.49097;0.09997947
/home/work/wrk/X-ROBOTICS/Perception/IMG/robocam_2018_11_16_14_24_11_190.jpg;13.44322;0;0;-0.03360956;127.2153;106.2482;1.140788;62.10583;359.9695
/home/work/wrk/X-ROBOTICS/Perception/IMG/robocam_2018_11_16_14_24_11_254.jpg;0;0;0;0.02248039;127.2149;106.2483;1.13001;62.10682;359.9174
/home/work/wrk/X-ROBOTICS/Perception/IMG/robocam_2018_11_16_14_24_11_322.jpg;0;0;0;0.01870097;127.2145;106.2486;1.042327;62.10699;359.9034
/home/work/wrk/X-ROBOTICS/Perception/IMG/robocam_2018_11_16_14_24_11_389.jpg;0;0.1991072;0;0.02507912;127.2147;106.2492;0.9659249;62.27255;359.8946
/home/work/wrk/X-ROBOTICS/Perception/IMG/robocam_2018_11_16_14_24_11_457.jpg;0;0.4063168;0;0.02837818;127.2153;106.2504;0.8579686;62.29878;359.887
/home/work/wrk/X-ROBOTICS/Perception/IMG/robocam_2018_11_16_14_24_11_522.jpg;0;0.6056221;0;0.06541442;127.2171;106.2539;0.8263576;62.25799;359.8868
/home/work/wrk/X-ROBOTICS/Perception/IMG/robocam_2018_11_16_14_24_11_582.jpg;0;0.8060131;0;0.09388871;127.2202;106.26;0.8389611;62.28351;359.8943
/home/work/wrk/X-ROBOTICS/Perception/IMG/robocam_2018_11_16_14_24_11_646.jpg;0;0.9735868;0;0.1357112;127.2249;106.2692;0.9031941;62.20108;359.9139
/home/work/wrk/X-ROBOTICS/Perception/IMG/robocam_2018_11_16_14_24_11_724.jpg;0;1;0;0.1972257;127.2338;106.2865;1.06003;62.16771;359.9568
/home/work/wrk/X-ROBOTICS/Perception/IMG/robocam_2018_11_16_14_24_11_785.jpg;0;1;0;0.2511319;127.2422;106.303;1.207395;62.26057;0.007389931
/home/work/wrk/X-ROBOTICS/Perception/IMG/robocam_2018_11_16_14_24_11_855.jpg;0;1;0;0.3201856;127.2521;106.3203;1.274803;62.15478;0.000658289
/home/work/wrk/X-ROBOTICS/Perception/IMG/robocam_2018_11_16_14_24_11_925.jpg;0;1;0;0.3824872;127.2656;106.3458;1.17908;62.14803;0.000303821
/home/work/wrk/X-ROBOTICS/Perception/IMG/robocam_2018_11_16_14_24_11_990.jpg;0;1;0;0.4431242;127.2778;106.3688;1.136204;62.16476;-0.0006714648
/home/work/wrk/X-ROBOTICS/Perception/IMG/robocam_2018_11_16_14_24_12_060.jpg;0;1;0;0.4821507;127.2964;106.4039;1.147165;62.19107;-0.0001860532
/home/work/wrk/X-ROBOTICS/Perception/IMG/robocam_2018_11_16_14_24_12_120.jpg;2.682949;1;0;0.5421449;127.3121;106.4343;1.201775;62.32216;-0.001210277
/home/work/wrk/X-ROBOTICS/Perception/IMG/robocam_2018_11_16_14_24_12_187.jpg;7.664162;1;0;0.5811931;127.3276;106.4669;1.222876;62.60344;-0.003265387
/home/work/wrk/X-ROBOTICS/Perception/IMG/robocam_2018_11_16_14_24_12_249.jpg;14.77929;1;0;0.6323929;127.3422;106.5018;1.198731;63.23491;-0.003275792
/home/work/wrk/X-ROBOTICS/Perception/IMG/robocam_2018_11_16_14_24_12_323.jpg;15;1;0;0.6800658;127.3618;106.5541;1.184289;64.34499;0.004008229
/home/work/wrk/X-ROBOTICS/Perception/IMG/robocam_2018_11_16_14_24_12_390.jpg;15;1;0;0.7383391;127.377;106.5969;1.184061;65.27463;-0.000623628
/home/work/wrk/X-ROBOTICS/Perception/IMG/robocam_2018_11_16_14_24_12_458.jpg;15;1;0;0.8032153;127.3975;106.6588;1.194597;66.54021;-0.003902514
/home/work/wrk/X-ROBOTICS/Perception/IMG/robocam_2018_11_16_14_24_12_523.jpg;15;1;0;0.8631151;127.4132;106.7093;1.213745;67.54626;359.9924
/home/work/wrk/X-ROBOTICS/Perception/IMG/robocam_2018_11_16_14_24_12_586.jpg;15;1;0;0.9172173;127.4288;106.7626;1.217344;68.58122;359.9924
/home/work/wrk/X-ROBOTICS/Perception/IMG/robocam_2018_11_16_14_24_12_652.jpg;15;1;0;0.9577336;127.4442;106.8187;1.210847;69.63087;359.993
/home/work/wrk/X-ROBOTICS/Perception/IMG/robocam_2018_11_16_14_24_12_719.jpg;15;1;0;1.017568;127.4641;106.8981;1.202417;71.06956;-3.674703E-05
/home/work/wrk/X-ROBOTICS/Perception/IMG/robocam_2018_11_16_14_24_12_786.jpg;15;1;0;1.061517;127.4785;106.961;1.2027;72.22665;0.009013792
/home/work/wrk/X-ROBOTICS/Perception/IMG/robocam_2018_11_16_14_24_12_856.jpg;13.21994;1;0;1.119585;127.4925;107.027;1.207816;73.38493;0.01435735
/home/work/wrk/X-ROBOTICS/Perception/IMG/robocam_2018_11_16_14_24_12_919.jpg;10.46953;1;0;1.173355;127.5123;107.1198;1.219435;74.59534;359.9933
/home/work/wrk/X-ROBOTICS/Perception/IMG/robocam_2018_11_16_14_24_12_986.jpg;7.414713;1;0;1.224538;127.5278;107.1928;1.23486;75.31103;359.9942
/home/work/wrk/X-ROBOTICS/Perception/IMG/robocam_2018_11_16_14_24_13_052.jpg;4.472888;1;0;1.282929;127.5442;107.2681;1.233762;75.86063;-0.004865436
/home/work/wrk/X-ROBOTICS/Perception/IMG/robocam_2018_11_16_14_24_13_122.jpg;3.570492;1;0;1.332421;127.5681;107.3729;1.240692;76.31009;-0.002892503
/home/work/wrk/X-ROBOTICS/Perception/IMG/robocam_2018_11_16_14_24_13_189.jpg;6.161628;1;0;1.380236;127.5856;107.4549;1.245257;76.75977;-0.003885868
/home/work/wrk/X-ROBOTICS/Perception/IMG/robocam_2018_11_16_14_24_13_258.jpg;6.048603;1;0;1.439976;127.6072;107.5687;1.236849;77.65034;-0.001232002
/home/work/wrk/X-ROBOTICS/Perception/IMG/robocam_2018_11_16_14_24_13_323.jpg;2.098503;1;0;1.488194;127.6246;107.6576;1.248794;78.02711;-0.003461167
/home/work/wrk/X-ROBOTICS/Perception/IMG/robocam_2018_11_16_14_24_13_389.jpg;0;1;0;1.534541;127.6436;107.7488;1.257531;78.1053;-0.001724745
/home/work/wrk/X-ROBOTICS/Perception/IMG/robocam_2018_11_16_14_24_13_460.jpg;0;1;0;1.597679;127.6704;107.8745;1.261418;78.10091;-0.001012247
/home/work/wrk/X-ROBOTICS/Perception/IMG/robocam_2018_11_16_14_24_13_520.jpg;0;1;0;1.643154;127.6914;107.9719;1.26346;78.09172;-0.001013262
/home/work/wrk/X-ROBOTICS/Perception/IMG/robocam_2018_11_16_14_24_13_591.jpg;0;1;0;1.690037;127.7129;108.0721;1.27033;78.08055;-0.001034547
/home/work/wrk/X-ROBOTICS/Perception/IMG/robocam_2018_11_16_14_24_13_652.jpg;0;1;0;1.751303;127.735;108.1749;1.273911;78.0685;-0.001019111
/home/work/wrk/X-ROBOTICS/Perception/IMG/robocam_2018_11_16_14_24_13_724.jpg;0;1;0;1.79694;127.7655;108.3161;1.277906;78.05434;-0.001040782
/home/work/wrk/X-ROBOTICS/Perception/IMG/robocam_2018_11_16_14_24_13_785.jpg;0.360961;1;0;1.856441;127.7881;108.4253;1.278223;78.20262;-0.002270175
/home/work/wrk/X-ROBOTICS/Perception/IMG/robocam_2018_11_16_14_24_13_853.jpg;4.076457;1;0;1.902118;127.8106;108.5374;1.290569;78.43262;-0.002524529
/home/work/wrk/X-ROBOTICS/Perception/IMG/robocam_2018_11_16_14_24_13_923.jpg;5.568609;1;0;1.944895;127.8375;108.6911;1.275476;79.24323;0.01355292
/home/work/wrk/X-ROBOTICS/Perception/IMG/robocam_2018_11_16_14_24_13_985.jpg;4.67627;1;0;2.005337;127.8572;108.8097;1.266348;79.84881;0.01133349
/home/work/wrk/X-ROBOTICS/Perception/IMG/robocam_2018_11_16_14_24_14_051.jpg;4.479675;1;0;2.04918;127.8757;108.9313;1.264929;80.50127;0.01268733
/home/work/wrk/X-ROBOTICS/Perception/IMG/robocam_2018_11_16_14_24_14_092.jpg;2.961148;1;0;2.064082;127.8884;109.014;1.274894;80.81059;-0.000262507
/home/work/wrk/X-ROBOTICS/Perception/IMG/robocam_2018_11_16_14_24_14_158.jpg;0;1;0;2.123459;127.9148;109.1832;1.319409;81.05083;-0.002436162
/home/work/wrk/X-ROBOTICS/Perception/IMG/robocam_2018_11_16_14_24_14_219.jpg;0;1;0;2.166911;127.9355;109.3126;1.320494;81.06726;-0.00137781
/home/work/wrk/X-ROBOTICS/Perception/IMG/robocam_2018_11_16_14_24_14_292.jpg;0;1;0;2.212014;127.9567;109.4444;1.309659;81.05908;-0.0007825478
/home/work/wrk/X-ROBOTICS/Perception/IMG/robocam_2018_11_16_14_24_14_358.jpg;1.838093;1;0;2.270991;127.9854;109.6246;1.314217;81.13182;-0.001935207
/home/work/wrk/X-ROBOTICS/Perception/IMG/robocam_2018_11_16_14_24_14_418.jpg;0;1;0;2.314332;128.0071;109.7627;1.319129;81.18369;-0.001763243
/home/work/wrk/X-ROBOTICS/Perception/IMG/robocam_2018_11_16_14_24_14_485.jpg;2.69297;1;0;2.357918;128.0282;109.9036;1.321118;81.41978;-0.002799661
/home/work/wrk/X-ROBOTICS/Perception/IMG/robocam_2018_11_16_14_24_14_555.jpg;9.755398;1;0;2.413605;128.0457;110.0473;1.31517;82.15849;0.02921102
/home/work/wrk/X-ROBOTICS/Perception/IMG/robocam_2018_11_16_14_24_14_620.jpg;15;1;0;2.447338;128.0589;110.2412;1.195406;84.39565;0.156879
/home/work/wrk/X-ROBOTICS/Perception/IMG/robocam_2018_11_16_14_24_14_691.jpg;15;1;0;2.485658;128.0628;110.3881;1.02274;86.4017;0.2724715
/home/work/wrk/X-ROBOTICS/Perception/IMG/robocam_2018_11_16_14_24_14_751.jpg;15;1;0;2.539643;128.0611;110.5371;0.8326032;88.42836;0.4388542
/home/work/wrk/X-ROBOTICS/Perception/IMG/robocam_2018_11_16_14_24_14_822.jpg;15;1;0;2.578094;128.0511;110.7385;0.5515234;91.14722;0.7029164
/home/work/wrk/X-ROBOTICS/Perception/IMG/robocam_2018_11_16_14_24_14_891.jpg;13.73056;1;0;2.616041;128.038;110.8911;0.3072444;93.13995;0.9011898
/home/work/wrk/X-ROBOTICS/Perception/IMG/robocam_2018_11_16_14_24_14_960.jpg;10.40983;1;0;2.670553;128.0148;111.0978;359.9871;95.36365;1.135318
/home/work/wrk/X-ROBOTICS/Perception/IMG/robocam_2018_11_16_14_24_15_026.jpg;9.275994;1;0;2.711068;127.9947;111.2584;359.93;96.64398;1.186826
/home/work/wrk/X-ROBOTICS/Perception/IMG/robocam_2018_11_16_14_24_15_090.jpg;4.431174;1;0;2.763608;127.9725;111.424;0.03066516;97.61676;1.12237
/home/work/wrk/X-ROBOTICS/Perception/IMG/robocam_2018_11_16_14_24_15_159.jpg;1.423141;1;0;2.803032;127.9407;111.6482;0.1421367;98.28128;0.94159
/home/work/wrk/X-ROBOTICS/Perception/IMG/robocam_2018_11_16_14_24_15_225.jpg;0;1;0;2.84483;127.9158;111.8202;0.274611;98.4133;0.7896286
/home/work/wrk/X-ROBOTICS/Perception/IMG/robocam_2018_11_16_14_24_15_352.jpg;0;1;0;2.871584;127.864;112.1735;0.6707915;98.4314;0.4690211
/home/work/wrk/X-ROBOTICS/Perception/IMG/robocam_2018_11_16_14_24_15_430.jpg;0;1;0;2.978465;127.8287;112.4155;0.9972655;98.40897;0.2434615
/home/work/wrk/X-ROBOTICS/Perception/IMG/robocam_2018_11_16_14_24_15_509.jpg;3.101985;1;0;3.018061;127.7906;112.661;1.309199;98.76065;0.04039889
/home/work/wrk/X-ROBOTICS/Perception/IMG/robocam_2018_11_16_14_24_15_574.jpg;6.520643;1;0;3.071584;127.7574;112.8454;1.432884;99.50671;359.9897
/home/work/wrk/X-ROBOTICS/Perception/IMG/robocam_2018_11_16_14_24_15_643.jpg;3.579848;1;0;3.114142;127.7111;113.0915;1.386725;100.4124;-0.005522104
/home/work/wrk/X-ROBOTICS/Perception/IMG/robocam_2018_11_16_14_24_15_705.jpg;0.4303443;1;0;3.174085;127.6759;113.2793;1.367893;100.7206;-0.002748907
/home/work/wrk/X-ROBOTICS/Perception/IMG/robocam_2018_11_16_14_24_15_773.jpg;0;1;0;3.213923;127.6405;113.4699;1.376982;100.7951;-0.001338863
/home/work/wrk/X-ROBOTICS/Perception/IMG/robocam_2018_11_16_14_24_15_835.jpg;0;1;0;3.253654;127.6046;113.663;1.397059;100.7978;-0.00161546
/home/work/wrk/X-ROBOTICS/Perception/IMG/robocam_2018_11_16_14_24_15_908.jpg;2.702798;1;0;3.293332;127.5542;113.9234;1.397364;101.0998;-0.003728738
/home/work/wrk/X-ROBOTICS/Perception/IMG/robocam_2018_11_16_14_24_15_969.jpg;6.000488;1;0;3.346581;127.5128;114.1204;1.378061;101.7254;0.007095604
/home/work/wrk/X-ROBOTICS/Perception/IMG/robocam_2018_11_16_14_24_16_041.jpg;3.287079;1;0;3.385778;127.4543;114.3861;1.344521;102.537;0.02374147
/home/work/wrk/X-ROBOTICS/Perception/IMG/robocam_2018_11_16_14_24_16_165.jpg;0;1;0;3.43876;127.3645;114.7933;1.355535;102.8391;0.009772706
/home/work/wrk/X-ROBOTICS/Perception/IMG/robocam_2018_11_16_14_24_16_212.jpg;5.615376;1;0;3.516141;127.3321;114.9307;1.370731;103.1057;0.03263363
/home/work/wrk/X-ROBOTICS/Perception/IMG/robocam_2018_11_16_14_24_16_285.jpg;8.47238;1;0;3.552792;127.2617;115.2059;1.322519;104.3334;0.09444445
/home/work/wrk/X-ROBOTICS/Perception/IMG/robocam_2018_11_16_14_24_16_325.jpg;10.16662;1;0;3.577417;127.2229;115.3432;1.253038;105.243;0.1425668
/home/work/wrk/X-ROBOTICS/Perception/IMG/robocam_2018_11_16_14_24_16_382.jpg;13.38786;1;0;3.613669;127.1584;115.5481;1.102151;106.9956;0.2824991
/home/work/wrk/X-ROBOTICS/Perception/IMG/robocam_2018_11_16_14_24_16_453.jpg;12.96532;1;0;3.656607;127.0868;115.7511;0.8690916;109.0924;0.4681413
/home/work/wrk/X-ROBOTICS/Perception/IMG/robocam_2018_11_16_14_24_16_522.jpg;9.819278;1;0;3.695033;126.9819;116.0207;0.5014607;111.5365;0.7658774
/home/work/wrk/X-ROBOTICS/Perception/IMG/robocam_2018_11_16_14_24_16_587.jpg;6.822456;1;0;3.731982;126.8976;116.223;0.2064627;112.9248;0.9829012
/home/work/wrk/X-ROBOTICS/Perception/IMG/robocam_2018_11_16_14_24_16_653.jpg;9.824041;1;0;3.779243;126.8077;116.4258;359.948;114.184;1.189834
/home/work/wrk/X-ROBOTICS/Perception/IMG/robocam_2018_11_16_14_24_16_724.jpg;12.94808;1;0;3.804657;126.6783;116.7012;359.9749;115.9478;1.273272
/home/work/wrk/X-ROBOTICS/Perception/IMG/robocam_2018_11_16_14_24_16_791.jpg;9.983043;1;0;3.820835;126.5746;116.9076;0.04252751;117.4576;1.20491
/home/work/wrk/X-ROBOTICS/Perception/IMG/robocam_2018_11_16_14_24_16_859.jpg;6.941578;0.7972357;0;3.8803;126.4275;117.1797;0.01124687;119.2642;1.032389
/home/work/wrk/X-ROBOTICS/Perception/IMG/robocam_2018_11_16_14_24_16_916.jpg;4.274207;0.619411;0;3.906962;126.3096;117.3823;0.006485478;120.2275;1.022749
/home/work/wrk/X-ROBOTICS/Perception/IMG/robocam_2018_11_16_14_24_16_961.jpg;2.762836;0.5186529;0;3.919404;126.2296;117.5173;0.008181099;120.666;1.026215
/home/work/wrk/X-ROBOTICS/Perception/IMG/robocam_2018_11_16_14_24_17_019.jpg;0;0.2984829;0;3.931745;126.109;117.72;0.00661173;120.9812;1.012215
/home/work/wrk/X-ROBOTICS/Perception/IMG/robocam_2018_11_16_14_24_17_089.jpg;0;0.1116967;0;3.933342;125.9882;117.9223;359.9927;121.0756;0.9808812
/home/work/wrk/X-ROBOTICS/Perception/IMG/robocam_2018_11_16_14_24_17_155.jpg;0;0;0;3.921082;125.8674;118.1237;359.9655;121.1024;0.9340206
/home/work/wrk/X-ROBOTICS/Perception/IMG/robocam_2018_11_16_14_24_17_223.jpg;0;0;0;3.907917;125.7071;118.3907;359.9103;121.1064;0.8401272
/home/work/wrk/X-ROBOTICS/Perception/IMG/robocam_2018_11_16_14_24_17_291.jpg;0;0;0;3.894805;125.5873;118.5899;359.8556;121.1044;0.7523361
/home/work/wrk/X-ROBOTICS/Perception/IMG/robocam_2018_11_16_14_24_17_357.jpg;0;0;0;3.877272;125.4282;118.8542;359.7702;121.1006;0.616629
/home/work/wrk/X-ROBOTICS/Perception/IMG/robocam_2018_11_16_14_24_17_426.jpg;0;0;0;3.864304;125.3094;119.0517;359.7017;121.0958;0.501892
/home/work/wrk/X-ROBOTICS/Perception/IMG/robocam_2018_11_16_14_24_17_485.jpg;0;0;0;3.851082;125.1909;119.2482;359.6266;121.0943;0.3885471
/home/work/wrk/X-ROBOTICS/Perception/IMG/robocam_2018_11_16_14_24_17_560.jpg;0;0;0;3.833808;125.0336;119.5093;359.5307;121.0883;0.2273422
/home/work/wrk/X-ROBOTICS/Perception/IMG/robocam_2018_11_16_14_24_17_618.jpg;0;0;0;3.820388;124.9159;119.7043;359.463;121.0856;0.1095254
/home/work/wrk/X-ROBOTICS/Perception/IMG/robocam_2018_11_16_14_24_17_682.jpg;0;0;0;3.80744;124.7986;119.8986;359.3929;121.0856;0.002027813
/home/work/wrk/X-ROBOTICS/Perception/IMG/robocam_2018_11_16_14_24_17_724.jpg;0;0;0;3.798811;124.7206;120.0277;359.346;121.086;359.9361
/home/work/wrk/X-ROBOTICS/Perception/IMG/robocam_2018_11_16_14_24_17_791.jpg;0;0;0;3.780413;124.6029;120.2212;359.3233;121.1063;359.8965
/home/work/wrk/X-ROBOTICS/Perception/IMG/robocam_2018_11_16_14_24_17_852.jpg;0;0;0;3.767427;124.4858;120.4141;359.3054;121.1193;359.8623
/home/work/wrk/X-ROBOTICS/Perception/IMG/robocam_2018_11_16_14_24_17_919.jpg;0;0;0;3.753458;124.3302;120.6708;359.3069;121.1324;359.8445
/home/work/wrk/X-ROBOTICS/Perception/IMG/robocam_2018_11_16_14_24_17_961.jpg;0;0;0;3.744927;124.2529;120.7987;359.3041;121.1343;359.8356
/home/work/wrk/X-ROBOTICS/Perception/IMG/robocam_2018_11_16_14_24_18_026.jpg;0;0;0;3.732193;124.1369;120.99;359.3087;121.1423;359.8413
/home/work/wrk/X-ROBOTICS/Perception/IMG/robocam_2018_11_16_14_24_18_086.jpg;0;0;0;3.71426;124.0212;121.1809;359.3289;121.1512;359.865
